<?xml version="1.0" encoding="UTF-8" standalone="yes"?>
<ns2:ExportManifest xmlns:ns2="http://www.pentaho.com/schema/">
    <ExportManifestInformation exportDate="01-05-2018 08:46:24 GMT-03:00" exportBy="admin" rootFolder="/home/admin/" manifestVersion="2"/>
    <ExportManifestEntity path="CGEE">
        <ExportManifestProperty>
            <EntityMetaData name="CGEE" createdDate="2017-07-30T18:16:54.969-03:00" isFolder="true" path="CGEE" isHidden="false" locale="pt_BR" title="CGEE"/>
        </ExportManifestProperty>
        <ExportManifestProperty>
            <EntityAcl>
                <entriesInheriting>true</entriesInheriting>
                <owner>admin</owner>
                <ownerType>USER</ownerType>
            </EntityAcl>
        </ExportManifestProperty>
    </ExportManifestEntity>
    <ExportManifestEntity path="CGEE/Artigos">
        <ExportManifestProperty>
            <EntityMetaData name="Artigos" createdDate="2017-07-30T18:18:56.544-03:00" isFolder="true" path="CGEE/Artigos" isHidden="false" locale="pt_BR" title="Artigos"/>
        </ExportManifestProperty>
        <ExportManifestProperty>
            <EntityAcl>
                <entriesInheriting>true</entriesInheriting>
                <owner>admin</owner>
                <ownerType>USER</ownerType>
            </EntityAcl>
        </ExportManifestProperty>
    </ExportManifestEntity>
    <ExportManifestEntity path="CGEE/Artigos por Nacionalidade">
        <ExportManifestProperty>
            <EntityMetaData name="Artigos por Nacionalidade" createdDate="2017-07-31T07:54:32.575-03:00" isFolder="true" path="CGEE/Artigos por Nacionalidade" isHidden="false" locale="pt_BR" title="Artigos por Nacionalidade"/>
        </ExportManifestProperty>
        <ExportManifestProperty>
            <EntityAcl>
                <entriesInheriting>true</entriesInheriting>
                <owner>admin</owner>
                <ownerType>USER</ownerType>
            </EntityAcl>
        </ExportManifestProperty>
    </ExportManifestEntity>
    <ExportManifestEntity path="CGEE/Artigos por Nacionalidade/ArtigosPorNacionalidade.cda">
        <ExportManifestProperty>
            <EntityMetaData name="ArtigosPorNacionalidade.cda" createdDate="2017-07-31T07:55:24.693-03:00" isFolder="false" path="CGEE/Artigos por Nacionalidade/ArtigosPorNacionalidade.cda" isHidden="false" locale="pt_BR" title="ArtigosPorNacionalidade.cda"/>
        </ExportManifestProperty>
        <ExportManifestProperty>
            <EntityAcl>
                <entriesInheriting>true</entriesInheriting>
                <owner>admin</owner>
                <ownerType>USER</ownerType>
            </EntityAcl>
        </ExportManifestProperty>
    </ExportManifestEntity>
    <ExportManifestEntity path="CGEE/Artigos por Nacionalidade/ArtigosPorNacionalidade.cdfde">
        <ExportManifestProperty>
            <EntityMetaData name="ArtigosPorNacionalidade.cdfde" createdDate="2017-07-31T07:55:24.597-03:00" isFolder="false" path="CGEE/Artigos por Nacionalidade/ArtigosPorNacionalidade.cdfde" isHidden="false" locale="pt_BR" title="ArtigosPorNacionalidade.cdfde"/>
        </ExportManifestProperty>
        <ExportManifestProperty>
            <EntityAcl>
                <entriesInheriting>true</entriesInheriting>
                <owner>admin</owner>
                <ownerType>USER</ownerType>
            </EntityAcl>
        </ExportManifestProperty>
    </ExportManifestEntity>
    <ExportManifestEntity path="CGEE/Artigos por Nacionalidade/ArtigosPorNacionalidade.wcdf">
        <ExportManifestProperty>
            <EntityMetaData name="ArtigosPorNacionalidade.wcdf" createdDate="2017-07-31T07:55:24.577-03:00" isFolder="false" path="CGEE/Artigos por Nacionalidade/ArtigosPorNacionalidade.wcdf" isHidden="false" locale="pt_BR" description="cgee_ambiental_social" title="Artigos por Nacionalidade"/>
        </ExportManifestProperty>
        <ExportManifestProperty>
            <EntityAcl>
                <entriesInheriting>true</entriesInheriting>
                <owner>admin</owner>
                <ownerType>USER</ownerType>
            </EntityAcl>
        </ExportManifestProperty>
    </ExportManifestEntity>
    <ExportManifestEntity path="CGEE/Artigos/Artigos.cda">
        <ExportManifestProperty>
            <EntityMetaData name="Artigos.cda" createdDate="2017-07-30T18:18:56.580-03:00" isFolder="false" path="CGEE/Artigos/Artigos.cda" isHidden="false" locale="pt_BR" title="Artigos"/>
        </ExportManifestProperty>
        <ExportManifestProperty>
            <EntityAcl>
                <entriesInheriting>true</entriesInheriting>
                <owner>admin</owner>
                <ownerType>USER</ownerType>
            </EntityAcl>
        </ExportManifestProperty>
    </ExportManifestEntity>
    <ExportManifestEntity path="CGEE/Artigos/Artigos.cdfde">
        <ExportManifestProperty>
            <EntityMetaData name="Artigos.cdfde" createdDate="2017-07-30T18:18:56.700-03:00" isFolder="false" path="CGEE/Artigos/Artigos.cdfde" isHidden="false" locale="pt_BR" title="Artigos"/>
        </ExportManifestProperty>
        <ExportManifestProperty>
            <EntityAcl>
                <entriesInheriting>true</entriesInheriting>
                <owner>admin</owner>
                <ownerType>USER</ownerType>
            </EntityAcl>
        </ExportManifestProperty>
    </ExportManifestEntity>
    <ExportManifestEntity path="CGEE/Artigos/Artigos.wcdf">
        <ExportManifestProperty>
            <EntityMetaData name="Artigos.wcdf" createdDate="2017-07-30T18:18:56.776-03:00" isFolder="false" path="CGEE/Artigos/Artigos.wcdf" isHidden="false" locale="pt_BR" title="Artigos"/>
        </ExportManifestProperty>
        <ExportManifestProperty>
            <EntityAcl>
                <entriesInheriting>true</entriesInheriting>
                <owner>admin</owner>
                <ownerType>USER</ownerType>
            </EntityAcl>
        </ExportManifestProperty>
    </ExportManifestEntity>
    <ExportManifestEntity path="CGEE/Evolucao Producao Artigos">
        <ExportManifestProperty>
            <EntityMetaData name="Evolucao Producao Artigos" createdDate="2017-07-30T18:21:17.728-03:00" isFolder="true" path="CGEE/Evolucao Producao Artigos" isHidden="false" locale="pt_BR" title="Evolucao Producao Artigos"/>
        </ExportManifestProperty>
        <ExportManifestProperty>
            <EntityAcl>
                <entriesInheriting>true</entriesInheriting>
                <owner>admin</owner>
                <ownerType>USER</ownerType>
            </EntityAcl>
        </ExportManifestProperty>
    </ExportManifestEntity>
    <ExportManifestEntity path="CGEE/Evolucao Producao Artigos/EvolucaoProducaoArtigos.cda">
        <ExportManifestProperty>
            <EntityMetaData name="EvolucaoProducaoArtigos.cda" createdDate="2017-07-30T18:21:17.832-03:00" isFolder="false" path="CGEE/Evolucao Producao Artigos/EvolucaoProducaoArtigos.cda" isHidden="false" locale="pt_BR" title="EvolucaoProducaoArtigos"/>
        </ExportManifestProperty>
        <ExportManifestProperty>
            <EntityAcl>
                <entriesInheriting>true</entriesInheriting>
                <owner>admin</owner>
                <ownerType>USER</ownerType>
            </EntityAcl>
        </ExportManifestProperty>
    </ExportManifestEntity>
    <ExportManifestEntity path="CGEE/Evolucao Producao Artigos/EvolucaoProducaoArtigos.cdfde">
        <ExportManifestProperty>
            <EntityMetaData name="EvolucaoProducaoArtigos.cdfde" createdDate="2017-07-30T18:21:17.884-03:00" isFolder="false" path="CGEE/Evolucao Producao Artigos/EvolucaoProducaoArtigos.cdfde" isHidden="false" locale="pt_BR" title="EvolucaoProducaoArtigos"/>
        </ExportManifestProperty>
        <ExportManifestProperty>
            <EntityAcl>
                <entriesInheriting>true</entriesInheriting>
                <owner>admin</owner>
                <ownerType>USER</ownerType>
            </EntityAcl>
        </ExportManifestProperty>
    </ExportManifestEntity>
    <ExportManifestEntity path="CGEE/Evolucao Producao Artigos/EvolucaoProducaoArtigos.wcdf">
        <ExportManifestProperty>
            <EntityMetaData name="EvolucaoProducaoArtigos.wcdf" createdDate="2017-07-30T18:21:17.764-03:00" isFolder="false" path="CGEE/Evolucao Producao Artigos/EvolucaoProducaoArtigos.wcdf" isHidden="false" locale="pt_BR" title="EvolucaoProducaoArtigos"/>
        </ExportManifestProperty>
        <ExportManifestProperty>
            <EntityAcl>
                <entriesInheriting>true</entriesInheriting>
                <owner>admin</owner>
                <ownerType>USER</ownerType>
            </EntityAcl>
        </ExportManifestProperty>
    </ExportManifestEntity>
    <ExportManifestEntity path="CGEE/Mapa Participacao por Estado">
        <ExportManifestProperty>
            <EntityMetaData name="Mapa Participacao por Estado" createdDate="2017-07-31T14:07:35.040-03:00" isFolder="true" path="CGEE/Mapa Participacao por Estado" isHidden="false" locale="pt_BR" title="Mapa Participacao por Estado"/>
        </ExportManifestProperty>
        <ExportManifestProperty>
            <EntityAcl>
                <entriesInheriting>true</entriesInheriting>
                <owner>admin</owner>
                <ownerType>USER</ownerType>
            </EntityAcl>
        </ExportManifestProperty>
    </ExportManifestEntity>
    <ExportManifestEntity path="CGEE/Mapa Participacao por Estado/MapaParticipacaoPorEstado.cda">
        <ExportManifestProperty>
            <EntityMetaData name="MapaParticipacaoPorEstado.cda" createdDate="2017-07-31T14:08:51.499-03:00" isFolder="false" path="CGEE/Mapa Participacao por Estado/MapaParticipacaoPorEstado.cda" isHidden="false" locale="pt_BR" title="MapaParticipacaoPorEstado.cda"/>
        </ExportManifestProperty>
        <ExportManifestProperty>
            <EntityAcl>
                <entriesInheriting>true</entriesInheriting>
                <owner>admin</owner>
                <ownerType>USER</ownerType>
            </EntityAcl>
        </ExportManifestProperty>
    </ExportManifestEntity>
    <ExportManifestEntity path="CGEE/Mapa Participacao por Estado/MapaParticipacaoPorEstado.cdfde">
        <ExportManifestProperty>
            <EntityMetaData name="MapaParticipacaoPorEstado.cdfde" createdDate="2017-07-31T14:08:51.389-03:00" isFolder="false" path="CGEE/Mapa Participacao por Estado/MapaParticipacaoPorEstado.cdfde" isHidden="false" locale="pt_BR" title="MapaParticipacaoPorEstado.cdfde"/>
        </ExportManifestProperty>
        <ExportManifestProperty>
            <EntityAcl>
                <entriesInheriting>true</entriesInheriting>
                <owner>admin</owner>
                <ownerType>USER</ownerType>
            </EntityAcl>
        </ExportManifestProperty>
    </ExportManifestEntity>
    <ExportManifestEntity path="CGEE/Mapa Participacao por Estado/MapaParticipacaoPorEstado.wcdf">
        <ExportManifestProperty>
            <EntityMetaData name="MapaParticipacaoPorEstado.wcdf" createdDate="2017-07-31T14:08:51.366-03:00" isFolder="false" path="CGEE/Mapa Participacao por Estado/MapaParticipacaoPorEstado.wcdf" isHidden="false" locale="pt_BR" description="rh_painel_2_1" title="Participação por Estado"/>
        </ExportManifestProperty>
        <ExportManifestProperty>
            <EntityAcl>
                <entriesInheriting>true</entriesInheriting>
                <owner>admin</owner>
                <ownerType>USER</ownerType>
            </EntityAcl>
        </ExportManifestProperty>
    </ExportManifestEntity>
</ns2:ExportManifest>
