<?xml version="1.0" encoding="UTF-8" standalone="yes"?>
<ns2:ExportManifest xmlns:ns2="http://www.pentaho.com/schema/">
    <ExportManifestInformation exportDate="01-05-2018 08:47:28 GMT-03:00" exportBy="admin" rootFolder="/public/" manifestVersion="2"/>
    <ExportManifestEntity path="dashboard_cgee">
        <ExportManifestProperty>
            <EntityMetaData name="dashboard_cgee" createdDate="2017-08-02T07:07:51.633-03:00" isFolder="true" path="dashboard_cgee" isHidden="false" locale="pt_BR" title="dashboard_cgee"/>
        </ExportManifestProperty>
        <ExportManifestProperty>
            <EntityAcl>
                <entriesInheriting>true</entriesInheriting>
                <owner>admin</owner>
                <ownerType>USER</ownerType>
            </EntityAcl>
        </ExportManifestProperty>
    </ExportManifestEntity>
    <ExportManifestEntity path="dashboard_cgee/Artigos">
        <ExportManifestProperty>
            <EntityMetaData name="Artigos" createdDate="2017-08-03T15:35:32.822-03:00" isFolder="true" path="dashboard_cgee/Artigos" isHidden="false" locale="pt_BR" title="Artigos"/>
        </ExportManifestProperty>
        <ExportManifestProperty>
            <EntityAcl>
                <entriesInheriting>true</entriesInheriting>
                <owner>admin</owner>
                <ownerType>USER</ownerType>
            </EntityAcl>
        </ExportManifestProperty>
    </ExportManifestEntity>
    <ExportManifestEntity path="dashboard_cgee/Artigos.cda">
        <ExportManifestProperty>
            <EntityMetaData name="Artigos.cda" createdDate="2017-08-02T07:07:51.741-03:00" isFolder="false" path="dashboard_cgee/Artigos.cda" isHidden="false" locale="pt_BR" title="Artigos"/>
        </ExportManifestProperty>
        <ExportManifestProperty>
            <EntityAcl>
                <entriesInheriting>true</entriesInheriting>
                <owner>admin</owner>
                <ownerType>USER</ownerType>
            </EntityAcl>
        </ExportManifestProperty>
    </ExportManifestEntity>
    <ExportManifestEntity path="dashboard_cgee/Artigos.cdfde">
        <ExportManifestProperty>
            <EntityMetaData name="Artigos.cdfde" createdDate="2017-08-02T07:07:51.883-03:00" isFolder="false" path="dashboard_cgee/Artigos.cdfde" isHidden="false" locale="pt_BR" title="Artigos"/>
        </ExportManifestProperty>
        <ExportManifestProperty>
            <EntityAcl>
                <entriesInheriting>true</entriesInheriting>
                <owner>admin</owner>
                <ownerType>USER</ownerType>
            </EntityAcl>
        </ExportManifestProperty>
    </ExportManifestEntity>
    <ExportManifestEntity path="dashboard_cgee/Artigos.wcdf">
        <ExportManifestProperty>
            <EntityMetaData name="Artigos.wcdf" createdDate="2017-08-02T07:07:51.966-03:00" isFolder="false" path="dashboard_cgee/Artigos.wcdf" isHidden="false" locale="pt_BR" title="Artigos"/>
        </ExportManifestProperty>
        <ExportManifestProperty>
            <EntityAcl>
                <entriesInheriting>true</entriesInheriting>
                <owner>admin</owner>
                <ownerType>USER</ownerType>
            </EntityAcl>
        </ExportManifestProperty>
    </ExportManifestEntity>
    <ExportManifestEntity path="dashboard_cgee/Artigos/Artigos.cda">
        <ExportManifestProperty>
            <EntityMetaData name="Artigos.cda" createdDate="2017-08-03T15:35:32.895-03:00" isFolder="false" path="dashboard_cgee/Artigos/Artigos.cda" isHidden="false" locale="pt_BR" title="Artigos"/>
        </ExportManifestProperty>
        <ExportManifestProperty>
            <EntityAcl>
                <entriesInheriting>true</entriesInheriting>
                <owner>admin</owner>
                <ownerType>USER</ownerType>
            </EntityAcl>
        </ExportManifestProperty>
    </ExportManifestEntity>
    <ExportManifestEntity path="dashboard_cgee/Artigos/Artigos.cdfde">
        <ExportManifestProperty>
            <EntityMetaData name="Artigos.cdfde" createdDate="2017-08-03T15:35:33.067-03:00" isFolder="false" path="dashboard_cgee/Artigos/Artigos.cdfde" isHidden="false" locale="pt_BR" title="Artigos"/>
        </ExportManifestProperty>
        <ExportManifestProperty>
            <EntityAcl>
                <entriesInheriting>true</entriesInheriting>
                <owner>admin</owner>
                <ownerType>USER</ownerType>
            </EntityAcl>
        </ExportManifestProperty>
    </ExportManifestEntity>
    <ExportManifestEntity path="dashboard_cgee/Artigos/Artigos.wcdf">
        <ExportManifestProperty>
            <EntityMetaData name="Artigos.wcdf" createdDate="2017-08-03T15:35:33.163-03:00" isFolder="false" path="dashboard_cgee/Artigos/Artigos.wcdf" isHidden="false" locale="pt_BR" title="Artigos"/>
        </ExportManifestProperty>
        <ExportManifestProperty>
            <EntityAcl>
                <entriesInheriting>true</entriesInheriting>
                <owner>admin</owner>
                <ownerType>USER</ownerType>
            </EntityAcl>
        </ExportManifestProperty>
    </ExportManifestEntity>
    <ExportManifestEntity path="dashboard_cgee/ArtigosEvolucao">
        <ExportManifestProperty>
            <EntityMetaData name="ArtigosEvolucao" createdDate="2017-08-07T08:47:39.808-03:00" isFolder="true" path="dashboard_cgee/ArtigosEvolucao" isHidden="false" locale="pt_BR" title="ArtigosEvolucao"/>
        </ExportManifestProperty>
        <ExportManifestProperty>
            <EntityAcl>
                <entriesInheriting>true</entriesInheriting>
                <owner>admin</owner>
                <ownerType>USER</ownerType>
            </EntityAcl>
        </ExportManifestProperty>
    </ExportManifestEntity>
    <ExportManifestEntity path="dashboard_cgee/ArtigosEvolucao/EvolucaoProducaoArtigos.cda">
        <ExportManifestProperty>
            <EntityMetaData name="EvolucaoProducaoArtigos.cda" createdDate="2017-08-07T08:47:47.193-03:00" isFolder="false" path="dashboard_cgee/ArtigosEvolucao/EvolucaoProducaoArtigos.cda" isHidden="false" locale="pt_BR" title="EvolucaoProducaoArtigos"/>
        </ExportManifestProperty>
        <ExportManifestProperty>
            <EntityAcl>
                <entriesInheriting>true</entriesInheriting>
                <owner>admin</owner>
                <ownerType>USER</ownerType>
            </EntityAcl>
        </ExportManifestProperty>
    </ExportManifestEntity>
    <ExportManifestEntity path="dashboard_cgee/ArtigosEvolucao/EvolucaoProducaoArtigos.cdfde">
        <ExportManifestProperty>
            <EntityMetaData name="EvolucaoProducaoArtigos.cdfde" createdDate="2017-08-07T08:47:47.488-03:00" isFolder="false" path="dashboard_cgee/ArtigosEvolucao/EvolucaoProducaoArtigos.cdfde" isHidden="false" locale="pt_BR" title="EvolucaoProducaoArtigos"/>
        </ExportManifestProperty>
        <ExportManifestProperty>
            <EntityAcl>
                <entriesInheriting>true</entriesInheriting>
                <owner>admin</owner>
                <ownerType>USER</ownerType>
            </EntityAcl>
        </ExportManifestProperty>
    </ExportManifestEntity>
    <ExportManifestEntity path="dashboard_cgee/ArtigosEvolucao/EvolucaoProducaoArtigos.wcdf">
        <ExportManifestProperty>
            <EntityMetaData name="EvolucaoProducaoArtigos.wcdf" createdDate="2017-08-07T08:47:46.655-03:00" isFolder="false" path="dashboard_cgee/ArtigosEvolucao/EvolucaoProducaoArtigos.wcdf" isHidden="false" locale="pt_BR" title="EvolucaoProducaoArtigos"/>
        </ExportManifestProperty>
        <ExportManifestProperty>
            <EntityAcl>
                <entriesInheriting>true</entriesInheriting>
                <owner>admin</owner>
                <ownerType>USER</ownerType>
            </EntityAcl>
        </ExportManifestProperty>
    </ExportManifestEntity>
    <ExportManifestEntity path="dashboard_cgee/ArtigosPorNacionalidade.cda">
        <ExportManifestProperty>
            <EntityMetaData name="ArtigosPorNacionalidade.cda" createdDate="2017-08-02T07:07:52.104-03:00" isFolder="false" path="dashboard_cgee/ArtigosPorNacionalidade.cda" isHidden="false" locale="pt_BR" title="ArtigosPorNacionalidade"/>
        </ExportManifestProperty>
        <ExportManifestProperty>
            <EntityAcl>
                <entriesInheriting>true</entriesInheriting>
                <owner>admin</owner>
                <ownerType>USER</ownerType>
            </EntityAcl>
        </ExportManifestProperty>
    </ExportManifestEntity>
    <ExportManifestEntity path="dashboard_cgee/ArtigosPorNacionalidade.cdfde">
        <ExportManifestProperty>
            <EntityMetaData name="ArtigosPorNacionalidade.cdfde" createdDate="2017-08-02T07:07:52.166-03:00" isFolder="false" path="dashboard_cgee/ArtigosPorNacionalidade.cdfde" isHidden="false" locale="pt_BR" title="ArtigosPorNacionalidade"/>
        </ExportManifestProperty>
        <ExportManifestProperty>
            <EntityAcl>
                <entriesInheriting>true</entriesInheriting>
                <owner>admin</owner>
                <ownerType>USER</ownerType>
            </EntityAcl>
        </ExportManifestProperty>
    </ExportManifestEntity>
    <ExportManifestEntity path="dashboard_cgee/ArtigosPorNacionalidade.wcdf">
        <ExportManifestProperty>
            <EntityMetaData name="ArtigosPorNacionalidade.wcdf" createdDate="2017-08-02T07:07:52.038-03:00" isFolder="false" path="dashboard_cgee/ArtigosPorNacionalidade.wcdf" isHidden="false" locale="pt_BR" title="ArtigosPorNacionalidade"/>
        </ExportManifestProperty>
        <ExportManifestProperty>
            <EntityAcl>
                <entriesInheriting>true</entriesInheriting>
                <owner>admin</owner>
                <ownerType>USER</ownerType>
            </EntityAcl>
        </ExportManifestProperty>
    </ExportManifestEntity>
    <ExportManifestEntity path="dashboard_cgee/EvolucaoProducaoArtigos.cda">
        <ExportManifestProperty>
            <EntityMetaData name="EvolucaoProducaoArtigos.cda" createdDate="2017-08-02T07:07:52.302-03:00" isFolder="false" path="dashboard_cgee/EvolucaoProducaoArtigos.cda" isHidden="false" locale="pt_BR" title="EvolucaoProducaoArtigos"/>
        </ExportManifestProperty>
        <ExportManifestProperty>
            <EntityAcl>
                <entriesInheriting>true</entriesInheriting>
                <owner>admin</owner>
                <ownerType>USER</ownerType>
            </EntityAcl>
        </ExportManifestProperty>
    </ExportManifestEntity>
    <ExportManifestEntity path="dashboard_cgee/EvolucaoProducaoArtigos.cdfde">
        <ExportManifestProperty>
            <EntityMetaData name="EvolucaoProducaoArtigos.cdfde" createdDate="2017-08-02T07:07:52.362-03:00" isFolder="false" path="dashboard_cgee/EvolucaoProducaoArtigos.cdfde" isHidden="false" locale="pt_BR" title="EvolucaoProducaoArtigos"/>
        </ExportManifestProperty>
        <ExportManifestProperty>
            <EntityAcl>
                <entriesInheriting>true</entriesInheriting>
                <owner>admin</owner>
                <ownerType>USER</ownerType>
            </EntityAcl>
        </ExportManifestProperty>
    </ExportManifestEntity>
    <ExportManifestEntity path="dashboard_cgee/EvolucaoProducaoArtigos.wcdf">
        <ExportManifestProperty>
            <EntityMetaData name="EvolucaoProducaoArtigos.wcdf" createdDate="2017-08-02T07:07:52.245-03:00" isFolder="false" path="dashboard_cgee/EvolucaoProducaoArtigos.wcdf" isHidden="false" locale="pt_BR" title="EvolucaoProducaoArtigos"/>
        </ExportManifestProperty>
        <ExportManifestProperty>
            <EntityAcl>
                <entriesInheriting>true</entriesInheriting>
                <owner>admin</owner>
                <ownerType>USER</ownerType>
            </EntityAcl>
        </ExportManifestProperty>
    </ExportManifestEntity>
    <ExportManifestEntity path="dashboard_cgee/MapaParticipacaoPorEstado">
        <ExportManifestProperty>
            <EntityMetaData name="MapaParticipacaoPorEstado" createdDate="2017-08-02T16:19:38.243-03:00" isFolder="true" path="dashboard_cgee/MapaParticipacaoPorEstado" isHidden="false" locale="pt_BR" title="MapaParticipacaoPorEstado"/>
        </ExportManifestProperty>
        <ExportManifestProperty>
            <EntityAcl>
                <entriesInheriting>true</entriesInheriting>
                <owner>admin</owner>
                <ownerType>USER</ownerType>
            </EntityAcl>
        </ExportManifestProperty>
    </ExportManifestEntity>
    <ExportManifestEntity path="dashboard_cgee/MapaParticipacaoPorEstado.cda">
        <ExportManifestProperty>
            <EntityMetaData name="MapaParticipacaoPorEstado.cda" createdDate="2017-08-02T07:07:52.489-03:00" isFolder="false" path="dashboard_cgee/MapaParticipacaoPorEstado.cda" isHidden="false" locale="pt_BR" title="MapaParticipacaoPorEstado"/>
        </ExportManifestProperty>
        <ExportManifestProperty>
            <EntityAcl>
                <entriesInheriting>true</entriesInheriting>
                <owner>admin</owner>
                <ownerType>USER</ownerType>
            </EntityAcl>
        </ExportManifestProperty>
    </ExportManifestEntity>
    <ExportManifestEntity path="dashboard_cgee/MapaParticipacaoPorEstado.cdfde">
        <ExportManifestProperty>
            <EntityMetaData name="MapaParticipacaoPorEstado.cdfde" createdDate="2017-08-02T07:07:52.554-03:00" isFolder="false" path="dashboard_cgee/MapaParticipacaoPorEstado.cdfde" isHidden="false" locale="pt_BR" title="MapaParticipacaoPorEstado"/>
        </ExportManifestProperty>
        <ExportManifestProperty>
            <EntityAcl>
                <entriesInheriting>true</entriesInheriting>
                <owner>admin</owner>
                <ownerType>USER</ownerType>
            </EntityAcl>
        </ExportManifestProperty>
    </ExportManifestEntity>
    <ExportManifestEntity path="dashboard_cgee/MapaParticipacaoPorEstado.wcdf">
        <ExportManifestProperty>
            <EntityMetaData name="MapaParticipacaoPorEstado.wcdf" createdDate="2017-08-02T07:07:52.622-03:00" isFolder="false" path="dashboard_cgee/MapaParticipacaoPorEstado.wcdf" isHidden="false" locale="pt_BR" title="MapaParticipacaoPorEstado"/>
        </ExportManifestProperty>
        <ExportManifestProperty>
            <EntityAcl>
                <entriesInheriting>true</entriesInheriting>
                <owner>admin</owner>
                <ownerType>USER</ownerType>
            </EntityAcl>
        </ExportManifestProperty>
    </ExportManifestEntity>
    <ExportManifestEntity path="dashboard_cgee/MapaParticipacaoPorEstado/MapaParticipacaoPorEstado.cda">
        <ExportManifestProperty>
            <EntityMetaData name="MapaParticipacaoPorEstado.cda" createdDate="2017-08-02T16:20:09.252-03:00" isFolder="false" path="dashboard_cgee/MapaParticipacaoPorEstado/MapaParticipacaoPorEstado.cda" isHidden="false" locale="pt_BR" title="MapaParticipacaoPorEstado"/>
        </ExportManifestProperty>
        <ExportManifestProperty>
            <EntityAcl>
                <entriesInheriting>true</entriesInheriting>
                <owner>admin</owner>
                <ownerType>USER</ownerType>
            </EntityAcl>
        </ExportManifestProperty>
    </ExportManifestEntity>
    <ExportManifestEntity path="dashboard_cgee/MapaParticipacaoPorEstado/MapaParticipacaoPorEstado.cdfde">
        <ExportManifestProperty>
            <EntityMetaData name="MapaParticipacaoPorEstado.cdfde" createdDate="2017-08-02T16:20:09.297-03:00" isFolder="false" path="dashboard_cgee/MapaParticipacaoPorEstado/MapaParticipacaoPorEstado.cdfde" isHidden="false" locale="pt_BR" title="MapaParticipacaoPorEstado"/>
        </ExportManifestProperty>
        <ExportManifestProperty>
            <EntityAcl>
                <entriesInheriting>true</entriesInheriting>
                <owner>admin</owner>
                <ownerType>USER</ownerType>
            </EntityAcl>
        </ExportManifestProperty>
    </ExportManifestEntity>
    <ExportManifestEntity path="dashboard_cgee/MapaParticipacaoPorEstado/MapaParticipacaoPorEstado.wcdf">
        <ExportManifestProperty>
            <EntityMetaData name="MapaParticipacaoPorEstado.wcdf" createdDate="2017-08-02T16:20:09.344-03:00" isFolder="false" path="dashboard_cgee/MapaParticipacaoPorEstado/MapaParticipacaoPorEstado.wcdf" isHidden="false" locale="pt_BR" title="MapaParticipacaoPorEstado"/>
        </ExportManifestProperty>
        <ExportManifestProperty>
            <EntityAcl>
                <entriesInheriting>true</entriesInheriting>
                <owner>admin</owner>
                <ownerType>USER</ownerType>
            </EntityAcl>
        </ExportManifestProperty>
    </ExportManifestEntity>
    <ExportManifestEntity path="dashboard_cgee/PROTOTIPO_7V">
        <ExportManifestProperty>
            <EntityMetaData name="PROTOTIPO_7V" createdDate="2017-08-02T13:56:07.475-03:00" isFolder="true" path="dashboard_cgee/PROTOTIPO_7V" isHidden="false" locale="pt_BR" title="PROTOTIPO_7V"/>
        </ExportManifestProperty>
        <ExportManifestProperty>
            <EntityAcl>
                <entriesInheriting>true</entriesInheriting>
                <owner>admin</owner>
                <ownerType>USER</ownerType>
            </EntityAcl>
        </ExportManifestProperty>
    </ExportManifestEntity>
    <ExportManifestEntity path="dashboard_cgee/PROTOTIPO_7V/PROTOTIPO_7v2.cda">
        <ExportManifestProperty>
            <EntityMetaData name="PROTOTIPO_7v2.cda" createdDate="2017-08-02T13:56:40.951-03:00" isFolder="false" path="dashboard_cgee/PROTOTIPO_7V/PROTOTIPO_7v2.cda" isHidden="false" locale="pt_BR" title="PROTOTIPO_7v2"/>
        </ExportManifestProperty>
        <ExportManifestProperty>
            <EntityAcl>
                <entriesInheriting>true</entriesInheriting>
                <owner>admin</owner>
                <ownerType>USER</ownerType>
            </EntityAcl>
        </ExportManifestProperty>
    </ExportManifestEntity>
    <ExportManifestEntity path="dashboard_cgee/PROTOTIPO_7V/PROTOTIPO_7v2.cdfde">
        <ExportManifestProperty>
            <EntityMetaData name="PROTOTIPO_7v2.cdfde" createdDate="2017-08-02T13:56:41.039-03:00" isFolder="false" path="dashboard_cgee/PROTOTIPO_7V/PROTOTIPO_7v2.cdfde" isHidden="false" locale="pt_BR" title="PROTOTIPO_7v2"/>
        </ExportManifestProperty>
        <ExportManifestProperty>
            <EntityAcl>
                <entriesInheriting>true</entriesInheriting>
                <owner>admin</owner>
                <ownerType>USER</ownerType>
            </EntityAcl>
        </ExportManifestProperty>
    </ExportManifestEntity>
    <ExportManifestEntity path="dashboard_cgee/PROTOTIPO_7V/PROTOTIPO_7v2.wcdf">
        <ExportManifestProperty>
            <EntityMetaData name="PROTOTIPO_7v2.wcdf" createdDate="2017-08-02T13:56:40.830-03:00" isFolder="false" path="dashboard_cgee/PROTOTIPO_7V/PROTOTIPO_7v2.wcdf" isHidden="false" locale="pt_BR" title="PROTOTIPO_7v2"/>
        </ExportManifestProperty>
        <ExportManifestProperty>
            <EntityAcl>
                <entriesInheriting>true</entriesInheriting>
                <owner>admin</owner>
                <ownerType>USER</ownerType>
            </EntityAcl>
        </ExportManifestProperty>
    </ExportManifestEntity>
    <ExportManifestEntity path="dashboard_cgee/PROTOTIPO_7v2.cda">
        <ExportManifestProperty>
            <EntityMetaData name="PROTOTIPO_7v2.cda" createdDate="2017-08-02T07:07:52.733-03:00" isFolder="false" path="dashboard_cgee/PROTOTIPO_7v2.cda" isHidden="false" locale="pt_BR" title="PROTOTIPO_7v2"/>
        </ExportManifestProperty>
        <ExportManifestProperty>
            <EntityAcl>
                <entriesInheriting>true</entriesInheriting>
                <owner>admin</owner>
                <ownerType>USER</ownerType>
            </EntityAcl>
        </ExportManifestProperty>
    </ExportManifestEntity>
    <ExportManifestEntity path="dashboard_cgee/PROTOTIPO_7v2.cdfde">
        <ExportManifestProperty>
            <EntityMetaData name="PROTOTIPO_7v2.cdfde" createdDate="2017-08-02T07:07:52.803-03:00" isFolder="false" path="dashboard_cgee/PROTOTIPO_7v2.cdfde" isHidden="false" locale="pt_BR" title="PROTOTIPO_7v2"/>
        </ExportManifestProperty>
        <ExportManifestProperty>
            <EntityAcl>
                <entriesInheriting>true</entriesInheriting>
                <owner>admin</owner>
                <ownerType>USER</ownerType>
            </EntityAcl>
        </ExportManifestProperty>
    </ExportManifestEntity>
    <ExportManifestEntity path="dashboard_cgee/PROTOTIPO_7v2.wcdf">
        <ExportManifestProperty>
            <EntityMetaData name="PROTOTIPO_7v2.wcdf" createdDate="2017-08-02T07:07:52.675-03:00" isFolder="false" path="dashboard_cgee/PROTOTIPO_7v2.wcdf" isHidden="false" locale="pt_BR" title="PROTOTIPO_7v2"/>
        </ExportManifestProperty>
        <ExportManifestProperty>
            <EntityAcl>
                <entriesInheriting>true</entriesInheriting>
                <owner>admin</owner>
                <ownerType>USER</ownerType>
            </EntityAcl>
        </ExportManifestProperty>
    </ExportManifestEntity>
    <ExportManifestEntity path="dashboard_cgee/ProducaoComplementar">
        <ExportManifestProperty>
            <EntityMetaData name="ProducaoComplementar" createdDate="2017-08-02T09:37:47.706-03:00" isFolder="true" path="dashboard_cgee/ProducaoComplementar" isHidden="false" locale="pt_BR" title="ProducaoComplementar"/>
        </ExportManifestProperty>
        <ExportManifestProperty>
            <EntityAcl>
                <entriesInheriting>true</entriesInheriting>
                <owner>admin</owner>
                <ownerType>USER</ownerType>
            </EntityAcl>
        </ExportManifestProperty>
    </ExportManifestEntity>
    <ExportManifestEntity path="dashboard_cgee/ProducaoComplementar/producao_complementar.cda">
        <ExportManifestProperty>
            <EntityMetaData name="producao_complementar.cda" createdDate="2017-08-02T09:37:52.255-03:00" isFolder="false" path="dashboard_cgee/ProducaoComplementar/producao_complementar.cda" isHidden="false" locale="pt_BR" title="producao_complementar"/>
        </ExportManifestProperty>
        <ExportManifestProperty>
            <EntityAcl>
                <entriesInheriting>true</entriesInheriting>
                <owner>admin</owner>
                <ownerType>USER</ownerType>
            </EntityAcl>
        </ExportManifestProperty>
    </ExportManifestEntity>
    <ExportManifestEntity path="dashboard_cgee/ProducaoComplementar/producao_complementar.cdfde">
        <ExportManifestProperty>
            <EntityMetaData name="producao_complementar.cdfde" createdDate="2017-08-02T09:37:52.302-03:00" isFolder="false" path="dashboard_cgee/ProducaoComplementar/producao_complementar.cdfde" isHidden="false" locale="pt_BR" title="producao_complementar"/>
        </ExportManifestProperty>
        <ExportManifestProperty>
            <EntityAcl>
                <entriesInheriting>true</entriesInheriting>
                <owner>admin</owner>
                <ownerType>USER</ownerType>
            </EntityAcl>
        </ExportManifestProperty>
    </ExportManifestEntity>
    <ExportManifestEntity path="dashboard_cgee/ProducaoComplementar/producao_complementar.wcdf">
        <ExportManifestProperty>
            <EntityMetaData name="producao_complementar.wcdf" createdDate="2017-08-02T09:37:52.191-03:00" isFolder="false" path="dashboard_cgee/ProducaoComplementar/producao_complementar.wcdf" isHidden="false" locale="pt_BR" title="producao_complementar"/>
        </ExportManifestProperty>
        <ExportManifestProperty>
            <EntityAcl>
                <entriesInheriting>true</entriesInheriting>
                <owner>admin</owner>
                <ownerType>USER</ownerType>
            </EntityAcl>
        </ExportManifestProperty>
    </ExportManifestEntity>
    <ExportManifestEntity path="dashboard_cgee/RH">
        <ExportManifestProperty>
            <EntityMetaData name="RH" createdDate="2017-08-02T16:19:18.540-03:00" isFolder="true" path="dashboard_cgee/RH" isHidden="false" locale="pt_BR" title="RH"/>
        </ExportManifestProperty>
        <ExportManifestProperty>
            <EntityAcl>
                <entriesInheriting>true</entriesInheriting>
                <owner>admin</owner>
                <ownerType>USER</ownerType>
            </EntityAcl>
        </ExportManifestProperty>
    </ExportManifestEntity>
    <ExportManifestEntity path="dashboard_cgee/RH/RH_2.cda">
        <ExportManifestProperty>
            <EntityMetaData name="RH_2.cda" createdDate="2017-08-02T16:19:55.225-03:00" isFolder="false" path="dashboard_cgee/RH/RH_2.cda" isHidden="false" locale="pt_BR" title="RH_2"/>
        </ExportManifestProperty>
        <ExportManifestProperty>
            <EntityAcl>
                <entriesInheriting>true</entriesInheriting>
                <owner>admin</owner>
                <ownerType>USER</ownerType>
            </EntityAcl>
        </ExportManifestProperty>
    </ExportManifestEntity>
    <ExportManifestEntity path="dashboard_cgee/RH/RH_2.cdfde">
        <ExportManifestProperty>
            <EntityMetaData name="RH_2.cdfde" createdDate="2017-08-02T16:19:55.264-03:00" isFolder="false" path="dashboard_cgee/RH/RH_2.cdfde" isHidden="false" locale="pt_BR" title="RH_2"/>
        </ExportManifestProperty>
        <ExportManifestProperty>
            <EntityAcl>
                <entriesInheriting>true</entriesInheriting>
                <owner>admin</owner>
                <ownerType>USER</ownerType>
            </EntityAcl>
        </ExportManifestProperty>
    </ExportManifestEntity>
    <ExportManifestEntity path="dashboard_cgee/RH/RH_2.wcdf">
        <ExportManifestProperty>
            <EntityMetaData name="RH_2.wcdf" createdDate="2017-08-02T16:19:55.172-03:00" isFolder="false" path="dashboard_cgee/RH/RH_2.wcdf" isHidden="false" locale="pt_BR" title="RH_2"/>
        </ExportManifestProperty>
        <ExportManifestProperty>
            <EntityAcl>
                <entriesInheriting>true</entriesInheriting>
                <owner>admin</owner>
                <ownerType>USER</ownerType>
            </EntityAcl>
        </ExportManifestProperty>
    </ExportManifestEntity>
    <ExportManifestEntity path="dashboard_cgee/RH_2.cda">
        <ExportManifestProperty>
            <EntityMetaData name="RH_2.cda" createdDate="2017-08-02T07:07:53.012-03:00" isFolder="false" path="dashboard_cgee/RH_2.cda" isHidden="false" locale="pt_BR" title="RH_2"/>
        </ExportManifestProperty>
        <ExportManifestProperty>
            <EntityAcl>
                <entriesInheriting>true</entriesInheriting>
                <owner>admin</owner>
                <ownerType>USER</ownerType>
            </EntityAcl>
        </ExportManifestProperty>
    </ExportManifestEntity>
    <ExportManifestEntity path="dashboard_cgee/RH_2.cdfde">
        <ExportManifestProperty>
            <EntityMetaData name="RH_2.cdfde" createdDate="2017-08-02T07:07:53.079-03:00" isFolder="false" path="dashboard_cgee/RH_2.cdfde" isHidden="false" locale="pt_BR" title="RH_2"/>
        </ExportManifestProperty>
        <ExportManifestProperty>
            <EntityAcl>
                <entriesInheriting>true</entriesInheriting>
                <owner>admin</owner>
                <ownerType>USER</ownerType>
            </EntityAcl>
        </ExportManifestProperty>
    </ExportManifestEntity>
    <ExportManifestEntity path="dashboard_cgee/RH_2.wcdf">
        <ExportManifestProperty>
            <EntityMetaData name="RH_2.wcdf" createdDate="2017-08-02T07:07:52.952-03:00" isFolder="false" path="dashboard_cgee/RH_2.wcdf" isHidden="false" locale="pt_BR" title="RH_2"/>
        </ExportManifestProperty>
        <ExportManifestProperty>
            <EntityAcl>
                <entriesInheriting>true</entriesInheriting>
                <owner>admin</owner>
                <ownerType>USER</ownerType>
            </EntityAcl>
        </ExportManifestProperty>
    </ExportManifestEntity>
    <ExportManifestEntity path="dashboard_cgee/laboratorio_DGP.cda">
        <ExportManifestProperty>
            <EntityMetaData name="laboratorio_DGP.cda" createdDate="2017-08-02T07:07:53.177-03:00" isFolder="false" path="dashboard_cgee/laboratorio_DGP.cda" isHidden="false" locale="pt_BR" title="laboratorio_DGP"/>
        </ExportManifestProperty>
        <ExportManifestProperty>
            <EntityAcl>
                <entriesInheriting>true</entriesInheriting>
                <owner>admin</owner>
                <ownerType>USER</ownerType>
            </EntityAcl>
        </ExportManifestProperty>
    </ExportManifestEntity>
    <ExportManifestEntity path="dashboard_cgee/laboratorio_DGP.cdfde">
        <ExportManifestProperty>
            <EntityMetaData name="laboratorio_DGP.cdfde" createdDate="2017-08-02T07:07:53.264-03:00" isFolder="false" path="dashboard_cgee/laboratorio_DGP.cdfde" isHidden="false" locale="pt_BR" title="laboratorio_DGP"/>
        </ExportManifestProperty>
        <ExportManifestProperty>
            <EntityAcl>
                <entriesInheriting>true</entriesInheriting>
                <owner>admin</owner>
                <ownerType>USER</ownerType>
            </EntityAcl>
        </ExportManifestProperty>
    </ExportManifestEntity>
    <ExportManifestEntity path="dashboard_cgee/laboratorio_DGP.wcdf">
        <ExportManifestProperty>
            <EntityMetaData name="laboratorio_DGP.wcdf" createdDate="2017-08-02T07:07:52.430-03:00" isFolder="false" path="dashboard_cgee/laboratorio_DGP.wcdf" isHidden="false" locale="pt_BR" title="laboratorio_DGP"/>
        </ExportManifestProperty>
        <ExportManifestProperty>
            <EntityAcl>
                <entriesInheriting>true</entriesInheriting>
                <owner>admin</owner>
                <ownerType>USER</ownerType>
            </EntityAcl>
        </ExportManifestProperty>
    </ExportManifestEntity>
    <ExportManifestEntity path="dashboard_cgee/producao_complementar.cda">
        <ExportManifestProperty>
            <EntityMetaData name="producao_complementar.cda" createdDate="2017-08-02T07:07:53.364-03:00" isFolder="false" path="dashboard_cgee/producao_complementar.cda" isHidden="false" locale="pt_BR" title="producao_complementar"/>
        </ExportManifestProperty>
        <ExportManifestProperty>
            <EntityAcl>
                <entriesInheriting>true</entriesInheriting>
                <owner>admin</owner>
                <ownerType>USER</ownerType>
            </EntityAcl>
        </ExportManifestProperty>
    </ExportManifestEntity>
    <ExportManifestEntity path="dashboard_cgee/producao_complementar.cdfde">
        <ExportManifestProperty>
            <EntityMetaData name="producao_complementar.cdfde" createdDate="2017-08-02T07:07:53.434-03:00" isFolder="false" path="dashboard_cgee/producao_complementar.cdfde" isHidden="false" locale="pt_BR" title="producao_complementar"/>
        </ExportManifestProperty>
        <ExportManifestProperty>
            <EntityAcl>
                <entriesInheriting>true</entriesInheriting>
                <owner>admin</owner>
                <ownerType>USER</ownerType>
            </EntityAcl>
        </ExportManifestProperty>
    </ExportManifestEntity>
    <ExportManifestEntity path="dashboard_cgee/producao_complementar.wcdf">
        <ExportManifestProperty>
            <EntityMetaData name="producao_complementar.wcdf" createdDate="2017-08-02T07:07:52.891-03:00" isFolder="false" path="dashboard_cgee/producao_complementar.wcdf" isHidden="false" locale="pt_BR" title="producao_complementar"/>
        </ExportManifestProperty>
        <ExportManifestProperty>
            <EntityAcl>
                <entriesInheriting>true</entriesInheriting>
                <owner>admin</owner>
                <ownerType>USER</ownerType>
            </EntityAcl>
        </ExportManifestProperty>
    </ExportManifestEntity>
</ns2:ExportManifest>
