<?xml version="1.0" encoding="UTF-8" standalone="yes"?>
<ns2:ExportManifest xmlns:ns2="http://www.pentaho.com/schema/">
    <ExportManifestInformation exportDate="01-05-2018 08:46:33 GMT-03:00" exportBy="admin" rootFolder="/home/admin/" manifestVersion="2"/>
    <ExportManifestEntity path="cursobi">
        <ExportManifestProperty>
            <EntityMetaData name="cursobi" createdDate="2018-02-24T14:24:26.831-03:00" isFolder="true" path="cursobi" isHidden="false" locale="pt_BR" title="cursobi"/>
        </ExportManifestProperty>
        <ExportManifestProperty>
            <EntityAcl>
                <entriesInheriting>true</entriesInheriting>
                <owner>admin</owner>
                <ownerType>USER</ownerType>
            </EntityAcl>
        </ExportManifestProperty>
    </ExportManifestEntity>
    <ExportManifestEntity path="cursobi/CursoBIVendas.cda">
        <ExportManifestProperty>
            <EntityMetaData name="CursoBIVendas.cda" createdDate="2018-02-24T14:25:24.473-03:00" isFolder="false" path="cursobi/CursoBIVendas.cda" isHidden="false" locale="pt_BR" title="CursoBIVendas.cda"/>
        </ExportManifestProperty>
        <ExportManifestProperty>
            <EntityAcl>
                <entriesInheriting>true</entriesInheriting>
                <owner>admin</owner>
                <ownerType>USER</ownerType>
            </EntityAcl>
        </ExportManifestProperty>
    </ExportManifestEntity>
    <ExportManifestEntity path="cursobi/CursoBIVendas.cdfde">
        <ExportManifestProperty>
            <EntityMetaData name="CursoBIVendas.cdfde" createdDate="2018-02-24T14:25:24.324-03:00" isFolder="false" path="cursobi/CursoBIVendas.cdfde" isHidden="false" locale="pt_BR" title="CursoBIVendas.cdfde"/>
        </ExportManifestProperty>
        <ExportManifestProperty>
            <EntityAcl>
                <entriesInheriting>true</entriesInheriting>
                <owner>admin</owner>
                <ownerType>USER</ownerType>
            </EntityAcl>
        </ExportManifestProperty>
    </ExportManifestEntity>
    <ExportManifestEntity path="cursobi/CursoBIVendas.wcdf">
        <ExportManifestProperty>
            <EntityMetaData name="CursoBIVendas.wcdf" createdDate="2018-02-24T14:25:24.288-03:00" isFolder="false" path="cursobi/CursoBIVendas.wcdf" isHidden="false" locale="pt_BR" description="VendasCursoBI" title="Vendas"/>
        </ExportManifestProperty>
        <ExportManifestProperty>
            <EntityAcl>
                <entriesInheriting>true</entriesInheriting>
                <owner>admin</owner>
                <ownerType>USER</ownerType>
            </EntityAcl>
        </ExportManifestProperty>
    </ExportManifestEntity>
    <ExportManifestEntity path="cursobi/SampleLive.cdfde">
        <ExportManifestProperty>
            <EntityMetaData name="SampleLive.cdfde" createdDate="2018-02-24T16:11:47.480-03:00" isFolder="false" path="cursobi/SampleLive.cdfde" isHidden="false" locale="pt_BR" title="SampleLive.cdfde"/>
        </ExportManifestProperty>
        <ExportManifestProperty>
            <EntityAcl>
                <entriesInheriting>true</entriesInheriting>
                <owner>admin</owner>
                <ownerType>USER</ownerType>
            </EntityAcl>
        </ExportManifestProperty>
    </ExportManifestEntity>
    <ExportManifestEntity path="cursobi/SampleLive.wcdf">
        <ExportManifestProperty>
            <EntityMetaData name="SampleLive.wcdf" createdDate="2018-02-24T16:11:47.434-03:00" isFolder="false" path="cursobi/SampleLive.wcdf" isHidden="false" locale="pt_BR" description="SampleLive" title="SampleLive"/>
        </ExportManifestProperty>
        <ExportManifestProperty>
            <EntityAcl>
                <entriesInheriting>true</entriesInheriting>
                <owner>admin</owner>
                <ownerType>USER</ownerType>
            </EntityAcl>
        </ExportManifestProperty>
    </ExportManifestEntity>
</ns2:ExportManifest>
