<?xml version="1.0" encoding="UTF-8" standalone="yes"?>
<ns2:ExportManifest xmlns:ns2="http://www.pentaho.com/schema/">
    <ExportManifestInformation exportDate="01-05-2018 08:47:38 GMT-03:00" exportBy="admin" rootFolder="/public/" manifestVersion="2"/>
    <ExportManifestEntity path="onthefly">
        <ExportManifestProperty>
            <EntityMetaData name="onthefly" createdDate="2017-08-17T15:12:46.932-03:00" isFolder="true" path="onthefly" isHidden="false" locale="pt_BR" title="onthefly"/>
        </ExportManifestProperty>
        <ExportManifestProperty>
            <EntityAcl>
                <entriesInheriting>true</entriesInheriting>
                <owner>admin</owner>
                <ownerType>USER</ownerType>
            </EntityAcl>
        </ExportManifestProperty>
    </ExportManifestEntity>
    <ExportManifestEntity path="onthefly/Mapa.cda">
        <ExportManifestProperty>
            <EntityMetaData name="Mapa.cda" createdDate="2018-03-05T23:43:00.822-03:00" isFolder="false" path="onthefly/Mapa.cda" isHidden="false" locale="pt_BR" title="Mapa.cda"/>
        </ExportManifestProperty>
        <ExportManifestProperty>
            <EntityAcl>
                <entriesInheriting>true</entriesInheriting>
                <owner>admin</owner>
                <ownerType>USER</ownerType>
            </EntityAcl>
        </ExportManifestProperty>
    </ExportManifestEntity>
    <ExportManifestEntity path="onthefly/Mapa.cdfde">
        <ExportManifestProperty>
            <EntityMetaData name="Mapa.cdfde" createdDate="2018-03-05T11:09:27.469-03:00" isFolder="false" path="onthefly/Mapa.cdfde" isHidden="false" locale="pt_BR" title="Mapa.cdfde"/>
        </ExportManifestProperty>
        <ExportManifestProperty>
            <EntityAcl>
                <entriesInheriting>true</entriesInheriting>
                <owner>admin</owner>
                <ownerType>USER</ownerType>
            </EntityAcl>
        </ExportManifestProperty>
    </ExportManifestEntity>
    <ExportManifestEntity path="onthefly/Mapa.wcdf">
        <ExportManifestProperty>
            <EntityMetaData name="Mapa.wcdf" createdDate="2018-03-05T11:09:27.425-03:00" isFolder="false" path="onthefly/Mapa.wcdf" isHidden="false" locale="pt_BR" description="Mapa" title="Mapa"/>
        </ExportManifestProperty>
        <ExportManifestProperty>
            <EntityAcl>
                <entriesInheriting>true</entriesInheriting>
                <owner>admin</owner>
                <ownerType>USER</ownerType>
            </EntityAcl>
        </ExportManifestProperty>
    </ExportManifestEntity>
    <ExportManifestEntity path="onthefly/VendasCursoBI.cda">
        <ExportManifestProperty>
            <EntityMetaData name="VendasCursoBI.cda" createdDate="2018-02-24T00:29:46.056-03:00" isFolder="false" path="onthefly/VendasCursoBI.cda" isHidden="false" locale="pt_BR" title="VendasCursoBI.cda"/>
        </ExportManifestProperty>
        <ExportManifestProperty>
            <EntityAcl>
                <entriesInheriting>true</entriesInheriting>
                <owner>admin</owner>
                <ownerType>USER</ownerType>
            </EntityAcl>
        </ExportManifestProperty>
    </ExportManifestEntity>
    <ExportManifestEntity path="onthefly/VendasCursoBI.cdfde">
        <ExportManifestProperty>
            <EntityMetaData name="VendasCursoBI.cdfde" createdDate="2018-02-23T23:39:55.245-03:00" isFolder="false" path="onthefly/VendasCursoBI.cdfde" isHidden="false" locale="pt_BR" title="VendasCursoBI.cdfde"/>
        </ExportManifestProperty>
        <ExportManifestProperty>
            <EntityAcl>
                <entriesInheriting>true</entriesInheriting>
                <owner>admin</owner>
                <ownerType>USER</ownerType>
            </EntityAcl>
        </ExportManifestProperty>
    </ExportManifestEntity>
    <ExportManifestEntity path="onthefly/VendasCursoBI.wcdf">
        <ExportManifestProperty>
            <EntityMetaData name="VendasCursoBI.wcdf" createdDate="2018-02-23T23:39:55.156-03:00" isFolder="false" path="onthefly/VendasCursoBI.wcdf" isHidden="false" locale="pt_BR" description="VendasCursoBI" title="Vendas - Curso BI"/>
        </ExportManifestProperty>
        <ExportManifestProperty>
            <EntityAcl>
                <entriesInheriting>true</entriesInheriting>
                <owner>admin</owner>
                <ownerType>USER</ownerType>
            </EntityAcl>
        </ExportManifestProperty>
    </ExportManifestEntity>
    <ExportManifestEntity path="onthefly/cdeGroupHandler.cda">
        <ExportManifestProperty>
            <EntityMetaData name="cdeGroupHandler.cda" createdDate="2017-08-29T16:03:12.633-03:00" isFolder="false" path="onthefly/cdeGroupHandler.cda" isHidden="false" locale="pt_BR" title="cdeGroupHandler.cda"/>
        </ExportManifestProperty>
        <ExportManifestProperty>
            <EntityAcl>
                <entriesInheriting>true</entriesInheriting>
                <owner>admin</owner>
                <ownerType>USER</ownerType>
            </EntityAcl>
        </ExportManifestProperty>
    </ExportManifestEntity>
    <ExportManifestEntity path="onthefly/cdeGroupHandler.cdfde">
        <ExportManifestProperty>
            <EntityMetaData name="cdeGroupHandler.cdfde" createdDate="2017-08-29T16:03:12.536-03:00" isFolder="false" path="onthefly/cdeGroupHandler.cdfde" isHidden="false" locale="pt_BR" title="cdeGroupHandler.cdfde"/>
        </ExportManifestProperty>
        <ExportManifestProperty>
            <EntityAcl>
                <entriesInheriting>true</entriesInheriting>
                <owner>admin</owner>
                <ownerType>USER</ownerType>
            </EntityAcl>
        </ExportManifestProperty>
    </ExportManifestEntity>
    <ExportManifestEntity path="onthefly/cdeGroupHandler.wcdf">
        <ExportManifestProperty>
            <EntityMetaData name="cdeGroupHandler.wcdf" createdDate="2017-08-29T16:03:12.499-03:00" isFolder="false" path="onthefly/cdeGroupHandler.wcdf" isHidden="false" locale="pt_BR" description="cdeGroupHandler" title="cdeGroupHandler"/>
        </ExportManifestProperty>
        <ExportManifestProperty>
            <EntityAcl>
                <entriesInheriting>true</entriesInheriting>
                <owner>admin</owner>
                <ownerType>USER</ownerType>
            </EntityAcl>
        </ExportManifestProperty>
    </ExportManifestEntity>
    <ExportManifestEntity path="onthefly/demoCDE.cda">
        <ExportManifestProperty>
            <EntityMetaData name="demoCDE.cda" createdDate="2017-08-17T16:15:02.227-03:00" isFolder="false" path="onthefly/demoCDE.cda" isHidden="false" locale="pt_BR" title="demoCDE.cda"/>
        </ExportManifestProperty>
        <ExportManifestProperty>
            <EntityAcl>
                <entriesInheriting>true</entriesInheriting>
                <owner>admin</owner>
                <ownerType>USER</ownerType>
            </EntityAcl>
        </ExportManifestProperty>
    </ExportManifestEntity>
    <ExportManifestEntity path="onthefly/demoCDE.cdfde">
        <ExportManifestProperty>
            <EntityMetaData name="demoCDE.cdfde" createdDate="2017-08-17T15:13:25.175-03:00" isFolder="false" path="onthefly/demoCDE.cdfde" isHidden="false" locale="pt_BR" title="demoCDE.cdfde"/>
        </ExportManifestProperty>
        <ExportManifestProperty>
            <EntityAcl>
                <entriesInheriting>true</entriesInheriting>
                <owner>admin</owner>
                <ownerType>USER</ownerType>
            </EntityAcl>
        </ExportManifestProperty>
    </ExportManifestEntity>
    <ExportManifestEntity path="onthefly/demoCDE.wcdf">
        <ExportManifestProperty>
            <EntityMetaData name="demoCDE.wcdf" createdDate="2017-08-17T15:13:25.127-03:00" isFolder="false" path="onthefly/demoCDE.wcdf" isHidden="false" locale="pt_BR" description="demoCDE" title="demoCDE"/>
        </ExportManifestProperty>
        <ExportManifestProperty>
            <EntityAcl>
                <entriesInheriting>true</entriesInheriting>
                <owner>admin</owner>
                <ownerType>USER</ownerType>
            </EntityAcl>
        </ExportManifestProperty>
    </ExportManifestEntity>
    <ExportManifestEntity path="onthefly/logo_ifal.png">
        <ExportManifestProperty>
            <EntityMetaData name="logo_ifal.png" createdDate="2018-02-23T23:47:31.681-03:00" isFolder="false" path="onthefly/logo_ifal.png" isHidden="true" locale="pt_BR" title="logo_ifal"/>
        </ExportManifestProperty>
        <ExportManifestProperty>
            <EntityAcl>
                <entriesInheriting>true</entriesInheriting>
                <owner>admin</owner>
                <ownerType>USER</ownerType>
            </EntityAcl>
        </ExportManifestProperty>
    </ExportManifestEntity>
    <ExportManifestEntity path="onthefly/resources">
        <ExportManifestProperty>
            <EntityMetaData name="resources" createdDate="2017-08-17T15:18:52.278-03:00" isFolder="true" path="onthefly/resources" isHidden="false" locale="pt_BR" title="resources"/>
        </ExportManifestProperty>
        <ExportManifestProperty>
            <EntityAcl>
                <entriesInheriting>true</entriesInheriting>
                <owner>admin</owner>
                <ownerType>USER</ownerType>
            </EntityAcl>
        </ExportManifestProperty>
    </ExportManifestEntity>
    <ExportManifestEntity path="onthefly/resources/css">
        <ExportManifestProperty>
            <EntityMetaData name="css" createdDate="2017-08-17T15:18:52.361-03:00" isFolder="true" path="onthefly/resources/css" isHidden="false" locale="pt_BR" title="css"/>
        </ExportManifestProperty>
        <ExportManifestProperty>
            <EntityAcl>
                <entriesInheriting>true</entriesInheriting>
                <owner>admin</owner>
                <ownerType>USER</ownerType>
            </EntityAcl>
        </ExportManifestProperty>
    </ExportManifestEntity>
    <ExportManifestEntity path="onthefly/resources/css/steelWheelsSample.css">
        <ExportManifestProperty>
            <EntityMetaData name="steelWheelsSample.css" createdDate="2017-08-17T15:18:52.397-03:00" isFolder="false" path="onthefly/resources/css/steelWheelsSample.css" isHidden="true" locale="pt_BR" title="steelWheelsSample"/>
        </ExportManifestProperty>
        <ExportManifestProperty>
            <EntityAcl>
                <entriesInheriting>true</entriesInheriting>
                <owner>admin</owner>
                <ownerType>USER</ownerType>
            </EntityAcl>
        </ExportManifestProperty>
    </ExportManifestEntity>
    <ExportManifestEntity path="onthefly/resources/fonts">
        <ExportManifestProperty>
            <EntityMetaData name="fonts" createdDate="2017-08-17T15:18:52.580-03:00" isFolder="true" path="onthefly/resources/fonts" isHidden="false" locale="pt_BR" title="fonts"/>
        </ExportManifestProperty>
        <ExportManifestProperty>
            <EntityAcl>
                <entriesInheriting>true</entriesInheriting>
                <owner>admin</owner>
                <ownerType>USER</ownerType>
            </EntityAcl>
        </ExportManifestProperty>
    </ExportManifestEntity>
    <ExportManifestEntity path="onthefly/resources/fonts/opensans-bold.svg">
        <ExportManifestProperty>
            <EntityMetaData name="opensans-bold.svg" createdDate="2017-08-17T15:18:52.618-03:00" isFolder="false" path="onthefly/resources/fonts/opensans-bold.svg" isHidden="true" locale="pt_BR" title="opensans-bold"/>
        </ExportManifestProperty>
        <ExportManifestProperty>
            <EntityAcl>
                <entriesInheriting>true</entriesInheriting>
                <owner>admin</owner>
                <ownerType>USER</ownerType>
            </EntityAcl>
        </ExportManifestProperty>
    </ExportManifestEntity>
    <ExportManifestEntity path="onthefly/resources/fonts/opensans-italic.svg">
        <ExportManifestProperty>
            <EntityMetaData name="opensans-italic.svg" createdDate="2017-08-17T15:18:52.813-03:00" isFolder="false" path="onthefly/resources/fonts/opensans-italic.svg" isHidden="true" locale="pt_BR" title="opensans-italic"/>
        </ExportManifestProperty>
        <ExportManifestProperty>
            <EntityAcl>
                <entriesInheriting>true</entriesInheriting>
                <owner>admin</owner>
                <ownerType>USER</ownerType>
            </EntityAcl>
        </ExportManifestProperty>
    </ExportManifestEntity>
    <ExportManifestEntity path="onthefly/resources/fonts/opensans-light.svg">
        <ExportManifestProperty>
            <EntityMetaData name="opensans-light.svg" createdDate="2017-08-17T15:18:52.919-03:00" isFolder="false" path="onthefly/resources/fonts/opensans-light.svg" isHidden="true" locale="pt_BR" title="opensans-light"/>
        </ExportManifestProperty>
        <ExportManifestProperty>
            <EntityAcl>
                <entriesInheriting>true</entriesInheriting>
                <owner>admin</owner>
                <ownerType>USER</ownerType>
            </EntityAcl>
        </ExportManifestProperty>
    </ExportManifestEntity>
    <ExportManifestEntity path="onthefly/resources/fonts/opensans-regular.svg">
        <ExportManifestProperty>
            <EntityMetaData name="opensans-regular.svg" createdDate="2017-08-17T15:18:53.028-03:00" isFolder="false" path="onthefly/resources/fonts/opensans-regular.svg" isHidden="true" locale="pt_BR" title="opensans-regular"/>
        </ExportManifestProperty>
        <ExportManifestProperty>
            <EntityAcl>
                <entriesInheriting>true</entriesInheriting>
                <owner>admin</owner>
                <ownerType>USER</ownerType>
            </EntityAcl>
        </ExportManifestProperty>
    </ExportManifestEntity>
    <ExportManifestEntity path="onthefly/resources/geojson">
        <ExportManifestProperty>
            <EntityMetaData name="geojson" createdDate="2018-03-06T00:00:21.464-03:00" isFolder="true" path="onthefly/resources/geojson" isHidden="false" locale="pt_BR" title="geojson"/>
        </ExportManifestProperty>
        <ExportManifestProperty>
            <EntityAcl>
                <entriesInheriting>true</entriesInheriting>
                <owner>admin</owner>
                <ownerType>USER</ownerType>
            </EntityAcl>
        </ExportManifestProperty>
    </ExportManifestEntity>
    <ExportManifestEntity path="onthefly/resources/geojson/colorMapManager.js">
        <ExportManifestProperty>
            <EntityMetaData name="colorMapManager.js" createdDate="2018-03-06T08:39:38.585-03:00" isFolder="false" path="onthefly/resources/geojson/colorMapManager.js" isHidden="true" locale="pt_BR" title="colorMapManager"/>
        </ExportManifestProperty>
        <ExportManifestProperty>
            <EntityAcl>
                <entriesInheriting>true</entriesInheriting>
                <owner>admin</owner>
                <ownerType>USER</ownerType>
            </EntityAcl>
        </ExportManifestProperty>
    </ExportManifestEntity>
    <ExportManifestEntity path="onthefly/resources/geojson/geojs-27-mun.js">
        <ExportManifestProperty>
            <EntityMetaData name="geojs-27-mun.js" createdDate="2018-03-06T07:52:54.882-03:00" isFolder="false" path="onthefly/resources/geojson/geojs-27-mun.js" isHidden="true" locale="pt_BR" title="geojs-27-mun"/>
        </ExportManifestProperty>
        <ExportManifestProperty>
            <EntityAcl>
                <entriesInheriting>true</entriesInheriting>
                <owner>admin</owner>
                <ownerType>USER</ownerType>
            </EntityAcl>
        </ExportManifestProperty>
    </ExportManifestEntity>
    <ExportManifestEntity path="onthefly/resources/geojson/icons">
        <ExportManifestProperty>
            <EntityMetaData name="icons" createdDate="2018-03-06T08:57:42.199-03:00" isFolder="true" path="onthefly/resources/geojson/icons" isHidden="false" locale="pt_BR" title="icons"/>
        </ExportManifestProperty>
        <ExportManifestProperty>
            <EntityAcl>
                <entriesInheriting>true</entriesInheriting>
                <owner>admin</owner>
                <ownerType>USER</ownerType>
            </EntityAcl>
        </ExportManifestProperty>
    </ExportManifestEntity>
    <ExportManifestEntity path="onthefly/resources/geojson/icons/loadPeopleIconSvgTemplate.js">
        <ExportManifestProperty>
            <EntityMetaData name="loadPeopleIconSvgTemplate.js" createdDate="2018-03-06T08:57:49.140-03:00" isFolder="false" path="onthefly/resources/geojson/icons/loadPeopleIconSvgTemplate.js" isHidden="true" locale="pt_BR" title="loadPeopleIconSvgTemplate"/>
        </ExportManifestProperty>
        <ExportManifestProperty>
            <EntityAcl>
                <entriesInheriting>true</entriesInheriting>
                <owner>admin</owner>
                <ownerType>USER</ownerType>
            </EntityAcl>
        </ExportManifestProperty>
    </ExportManifestEntity>
    <ExportManifestEntity path="onthefly/resources/geojson/icons/loadSnowflakeIconSvgTemplate.js">
        <ExportManifestProperty>
            <EntityMetaData name="loadSnowflakeIconSvgTemplate.js" createdDate="2018-03-06T08:57:49.307-03:00" isFolder="false" path="onthefly/resources/geojson/icons/loadSnowflakeIconSvgTemplate.js" isHidden="true" locale="pt_BR" title="loadSnowflakeIconSvgTemplate"/>
        </ExportManifestProperty>
        <ExportManifestProperty>
            <EntityAcl>
                <entriesInheriting>true</entriesInheriting>
                <owner>admin</owner>
                <ownerType>USER</ownerType>
            </EntityAcl>
        </ExportManifestProperty>
    </ExportManifestEntity>
    <ExportManifestEntity path="onthefly/resources/geojson/icons/snap.svg.js">
        <ExportManifestProperty>
            <EntityMetaData name="snap.svg.js" createdDate="2018-03-06T08:57:49.457-03:00" isFolder="false" path="onthefly/resources/geojson/icons/snap.svg.js" isHidden="true" locale="pt_BR" title="snap.svg"/>
        </ExportManifestProperty>
        <ExportManifestProperty>
            <EntityAcl>
                <entriesInheriting>true</entriesInheriting>
                <owner>admin</owner>
                <ownerType>USER</ownerType>
            </EntityAcl>
        </ExportManifestProperty>
    </ExportManifestEntity>
    <ExportManifestEntity path="onthefly/resources/imgs">
        <ExportManifestProperty>
            <EntityMetaData name="imgs" createdDate="2017-08-17T15:18:53.129-03:00" isFolder="true" path="onthefly/resources/imgs" isHidden="false" locale="pt_BR" title="imgs"/>
        </ExportManifestProperty>
        <ExportManifestProperty>
            <EntityAcl>
                <entriesInheriting>true</entriesInheriting>
                <owner>admin</owner>
                <ownerType>USER</ownerType>
            </EntityAcl>
        </ExportManifestProperty>
    </ExportManifestEntity>
    <ExportManifestEntity path="onthefly/resources/imgs/check.png">
        <ExportManifestProperty>
            <EntityMetaData name="check.png" createdDate="2017-08-17T15:18:53.161-03:00" isFolder="false" path="onthefly/resources/imgs/check.png" isHidden="true" locale="pt_BR" title="check"/>
        </ExportManifestProperty>
        <ExportManifestProperty>
            <EntityAcl>
                <entriesInheriting>true</entriesInheriting>
                <owner>admin</owner>
                <ownerType>USER</ownerType>
            </EntityAcl>
        </ExportManifestProperty>
    </ExportManifestEntity>
    <ExportManifestEntity path="onthefly/resources/imgs/check.svg">
        <ExportManifestProperty>
            <EntityMetaData name="check.svg" createdDate="2017-08-17T15:18:53.281-03:00" isFolder="false" path="onthefly/resources/imgs/check.svg" isHidden="true" locale="pt_BR" title="check"/>
        </ExportManifestProperty>
        <ExportManifestProperty>
            <EntityAcl>
                <entriesInheriting>true</entriesInheriting>
                <owner>admin</owner>
                <ownerType>USER</ownerType>
            </EntityAcl>
        </ExportManifestProperty>
    </ExportManifestEntity>
    <ExportManifestEntity path="onthefly/resources/imgs/footer-bg.png">
        <ExportManifestProperty>
            <EntityMetaData name="footer-bg.png" createdDate="2017-08-17T15:18:53.402-03:00" isFolder="false" path="onthefly/resources/imgs/footer-bg.png" isHidden="true" locale="pt_BR" title="footer-bg"/>
        </ExportManifestProperty>
        <ExportManifestProperty>
            <EntityAcl>
                <entriesInheriting>true</entriesInheriting>
                <owner>admin</owner>
                <ownerType>USER</ownerType>
            </EntityAcl>
        </ExportManifestProperty>
    </ExportManifestEntity>
    <ExportManifestEntity path="onthefly/resources/imgs/header-bg.png">
        <ExportManifestProperty>
            <EntityMetaData name="header-bg.png" createdDate="2017-08-17T15:18:53.495-03:00" isFolder="false" path="onthefly/resources/imgs/header-bg.png" isHidden="true" locale="pt_BR" title="header-bg"/>
        </ExportManifestProperty>
        <ExportManifestProperty>
            <EntityAcl>
                <entriesInheriting>true</entriesInheriting>
                <owner>admin</owner>
                <ownerType>USER</ownerType>
            </EntityAcl>
        </ExportManifestProperty>
    </ExportManifestEntity>
    <ExportManifestEntity path="onthefly/resources/imgs/logo_ifal.png">
        <ExportManifestProperty>
            <EntityMetaData name="logo_ifal.png" createdDate="2018-02-23T23:45:15.335-03:00" isFolder="false" path="onthefly/resources/imgs/logo_ifal.png" isHidden="true" locale="pt_BR" title="logo_ifal"/>
        </ExportManifestProperty>
        <ExportManifestProperty>
            <EntityAcl>
                <entriesInheriting>true</entriesInheriting>
                <owner>admin</owner>
                <ownerType>USER</ownerType>
            </EntityAcl>
        </ExportManifestProperty>
    </ExportManifestEntity>
    <ExportManifestEntity path="onthefly/resources/imgs/pentaho-logo.png">
        <ExportManifestProperty>
            <EntityMetaData name="pentaho-logo.png" createdDate="2017-08-17T15:18:53.565-03:00" isFolder="false" path="onthefly/resources/imgs/pentaho-logo.png" isHidden="true" locale="pt_BR" title="pentaho-logo"/>
        </ExportManifestProperty>
        <ExportManifestProperty>
            <EntityAcl>
                <entriesInheriting>true</entriesInheriting>
                <owner>admin</owner>
                <ownerType>USER</ownerType>
            </EntityAcl>
        </ExportManifestProperty>
    </ExportManifestEntity>
    <ExportManifestEntity path="onthefly/resources/imgs/pentaho-logo.svg">
        <ExportManifestProperty>
            <EntityMetaData name="pentaho-logo.svg" createdDate="2017-08-17T15:18:53.637-03:00" isFolder="false" path="onthefly/resources/imgs/pentaho-logo.svg" isHidden="true" locale="pt_BR" title="pentaho-logo"/>
        </ExportManifestProperty>
        <ExportManifestProperty>
            <EntityAcl>
                <entriesInheriting>true</entriesInheriting>
                <owner>admin</owner>
                <ownerType>USER</ownerType>
            </EntityAcl>
        </ExportManifestProperty>
    </ExportManifestEntity>
    <ExportManifestEntity path="onthefly/resources/imgs/selector-arrow.svg">
        <ExportManifestProperty>
            <EntityMetaData name="selector-arrow.svg" createdDate="2017-08-17T15:18:53.743-03:00" isFolder="false" path="onthefly/resources/imgs/selector-arrow.svg" isHidden="true" locale="pt_BR" title="selector-arrow"/>
        </ExportManifestProperty>
        <ExportManifestProperty>
            <EntityAcl>
                <entriesInheriting>true</entriesInheriting>
                <owner>admin</owner>
                <ownerType>USER</ownerType>
            </EntityAcl>
        </ExportManifestProperty>
    </ExportManifestEntity>
    <ExportManifestEntity path="onthefly/resources/js">
        <ExportManifestProperty>
            <EntityMetaData name="js" createdDate="2017-08-17T15:18:53.799-03:00" isFolder="true" path="onthefly/resources/js" isHidden="false" locale="pt_BR" title="js"/>
        </ExportManifestProperty>
        <ExportManifestProperty>
            <EntityAcl>
                <entriesInheriting>true</entriesInheriting>
                <owner>admin</owner>
                <ownerType>USER</ownerType>
            </EntityAcl>
        </ExportManifestProperty>
    </ExportManifestEntity>
    <ExportManifestEntity path="onthefly/resources/js/bootstrap-select">
        <ExportManifestProperty>
            <EntityMetaData name="bootstrap-select" createdDate="2017-08-18T09:18:44.262-03:00" isFolder="true" path="onthefly/resources/js/bootstrap-select" isHidden="false" locale="pt_BR" title="bootstrap-select"/>
        </ExportManifestProperty>
        <ExportManifestProperty>
            <EntityAcl>
                <entriesInheriting>true</entriesInheriting>
                <owner>admin</owner>
                <ownerType>USER</ownerType>
            </EntityAcl>
        </ExportManifestProperty>
    </ExportManifestEntity>
    <ExportManifestEntity path="onthefly/resources/js/bootstrap-select/bootstrap-select.min.css">
        <ExportManifestProperty>
            <EntityMetaData name="bootstrap-select.min.css" createdDate="2017-08-18T09:18:44.278-03:00" isFolder="false" path="onthefly/resources/js/bootstrap-select/bootstrap-select.min.css" isHidden="true" locale="pt_BR" title="bootstrap-select.min"/>
        </ExportManifestProperty>
        <ExportManifestProperty>
            <EntityAcl>
                <entriesInheriting>true</entriesInheriting>
                <owner>admin</owner>
                <ownerType>USER</ownerType>
            </EntityAcl>
        </ExportManifestProperty>
    </ExportManifestEntity>
    <ExportManifestEntity path="onthefly/resources/js/bootstrap-select/bootstrap-select.min.js">
        <ExportManifestProperty>
            <EntityMetaData name="bootstrap-select.min.js" createdDate="2017-08-18T09:18:44.326-03:00" isFolder="false" path="onthefly/resources/js/bootstrap-select/bootstrap-select.min.js" isHidden="true" locale="pt_BR" title="bootstrap-select.min"/>
        </ExportManifestProperty>
        <ExportManifestProperty>
            <EntityAcl>
                <entriesInheriting>true</entriesInheriting>
                <owner>admin</owner>
                <ownerType>USER</ownerType>
            </EntityAcl>
        </ExportManifestProperty>
    </ExportManifestEntity>
    <ExportManifestEntity path="onthefly/resources/js/steelWheelsSample.js">
        <ExportManifestProperty>
            <EntityMetaData name="steelWheelsSample.js" createdDate="2017-08-17T15:18:53.825-03:00" isFolder="false" path="onthefly/resources/js/steelWheelsSample.js" isHidden="true" locale="pt_BR" title="steelWheelsSample"/>
        </ExportManifestProperty>
        <ExportManifestProperty>
            <EntityAcl>
                <entriesInheriting>true</entriesInheriting>
                <owner>admin</owner>
                <ownerType>USER</ownerType>
            </EntityAcl>
        </ExportManifestProperty>
    </ExportManifestEntity>
    <ExportManifestEntity path="onthefly/tableCDE.cda">
        <ExportManifestProperty>
            <EntityMetaData name="tableCDE.cda" createdDate="2017-08-21T14:43:54.098-03:00" isFolder="false" path="onthefly/tableCDE.cda" isHidden="false" locale="pt_BR" title="tableCDE.cda"/>
        </ExportManifestProperty>
        <ExportManifestProperty>
            <EntityAcl>
                <entriesInheriting>true</entriesInheriting>
                <owner>admin</owner>
                <ownerType>USER</ownerType>
            </EntityAcl>
        </ExportManifestProperty>
    </ExportManifestEntity>
    <ExportManifestEntity path="onthefly/tableCDE.cdfde">
        <ExportManifestProperty>
            <EntityMetaData name="tableCDE.cdfde" createdDate="2017-08-21T14:43:19.240-03:00" isFolder="false" path="onthefly/tableCDE.cdfde" isHidden="false" locale="pt_BR" title="tableCDE.cdfde"/>
        </ExportManifestProperty>
        <ExportManifestProperty>
            <EntityAcl>
                <entriesInheriting>true</entriesInheriting>
                <owner>admin</owner>
                <ownerType>USER</ownerType>
            </EntityAcl>
        </ExportManifestProperty>
    </ExportManifestEntity>
    <ExportManifestEntity path="onthefly/tableCDE.wcdf">
        <ExportManifestProperty>
            <EntityMetaData name="tableCDE.wcdf" createdDate="2017-08-21T14:43:19.135-03:00" isFolder="false" path="onthefly/tableCDE.wcdf" isHidden="false" locale="pt_BR" description="tableCDE" title="tableCDE addIns"/>
        </ExportManifestProperty>
        <ExportManifestProperty>
            <EntityAcl>
                <entriesInheriting>true</entriesInheriting>
                <owner>admin</owner>
                <ownerType>USER</ownerType>
            </EntityAcl>
        </ExportManifestProperty>
    </ExportManifestEntity>
    <ExportManifestEntity path="onthefly/templateCDE.cda">
        <ExportManifestProperty>
            <EntityMetaData name="templateCDE.cda" createdDate="2017-08-22T16:47:37.681-03:00" isFolder="false" path="onthefly/templateCDE.cda" isHidden="false" locale="pt_BR" title="templateCDE.cda"/>
        </ExportManifestProperty>
        <ExportManifestProperty>
            <EntityAcl>
                <entriesInheriting>true</entriesInheriting>
                <owner>admin</owner>
                <ownerType>USER</ownerType>
            </EntityAcl>
        </ExportManifestProperty>
    </ExportManifestEntity>
    <ExportManifestEntity path="onthefly/templateCDE.cdfde">
        <ExportManifestProperty>
            <EntityMetaData name="templateCDE.cdfde" createdDate="2017-08-22T16:46:54.769-03:00" isFolder="false" path="onthefly/templateCDE.cdfde" isHidden="false" locale="pt_BR" title="templateCDE.cdfde"/>
        </ExportManifestProperty>
        <ExportManifestProperty>
            <EntityAcl>
                <entriesInheriting>true</entriesInheriting>
                <owner>admin</owner>
                <ownerType>USER</ownerType>
            </EntityAcl>
        </ExportManifestProperty>
    </ExportManifestEntity>
    <ExportManifestEntity path="onthefly/templateCDE.wcdf">
        <ExportManifestProperty>
            <EntityMetaData name="templateCDE.wcdf" createdDate="2017-08-22T16:46:54.716-03:00" isFolder="false" path="onthefly/templateCDE.wcdf" isHidden="false" locale="pt_BR" description="templateCDE" title="templateCDE"/>
        </ExportManifestProperty>
        <ExportManifestProperty>
            <EntityAcl>
                <entriesInheriting>true</entriesInheriting>
                <owner>admin</owner>
                <ownerType>USER</ownerType>
            </EntityAcl>
        </ExportManifestProperty>
    </ExportManifestEntity>
</ns2:ExportManifest>
